{"cameraMode":{"drawMode":0,"name":"Shaded","section":"Shading Mode"},"sceneLighting":false,"audioPlay":false,"sceneViewState":{"m_AlwaysRefresh":false,"showFog":true,"showSkybox":false,"showFlares":true,"showImageEffects":true,"showParticleSystems":true,"showVisualEffectGraphs":true,"m_FxEnabled":true},"in2DMode":false,"pivot":{"x":0.34667152166366579,"y":-0.2515069842338562,"z":-0.6168314218521118},"rotation":{"x":-0.10504017770290375,"y":0.8148919939994812,"z":-0.15613658726215363,"w":-0.5482146739959717},"size":1.1424477100372315,"orthographic":false}