{"cameraMode":{"drawMode":0,"name":"Shaded","section":"Shading Mode"},"sceneLighting":false,"audioPlay":false,"sceneViewState":{"m_AlwaysRefresh":false,"showFog":true,"showSkybox":false,"showFlares":true,"showImageEffects":true,"showParticleSystems":true,"showVisualEffectGraphs":true,"m_FxEnabled":true},"in2DMode":false,"pivot":{"x":-0.43749260902404787,"y":-0.7350444793701172,"z":-0.018000677227973939},"rotation":{"x":-0.09828852862119675,"y":0.801773190498352,"z":-0.13747280836105348,"w":-0.5732397437095642},"size":1.7493712902069092,"orthographic":false}