{"cameraMode":{"drawMode":0,"name":"Shaded","section":"Shading Mode"},"sceneLighting":false,"audioPlay":false,"sceneViewState":{"m_AlwaysRefresh":false,"showFog":true,"showSkybox":false,"showFlares":true,"showImageEffects":true,"showParticleSystems":true,"showVisualEffectGraphs":true,"m_FxEnabled":true},"in2DMode":false,"pivot":{"x":35.37238311767578,"y":2.901395320892334,"z":24.863147735595704},"rotation":{"x":-0.10504017770290375,"y":0.8148919939994812,"z":-0.15613658726215363,"w":-0.5482146739959717},"size":0.43629148602485659,"orthographic":false}